id;tipo_documento;identificacion;fecha_nacimiento;fecha_registro;genero;celular;biografia;foto_1;foto_1_content_type;foto_2;foto_2_content_type;fot_3;fot_3_content_type;conocimientos_que_domina;temas_de_interes;facebook;instagram;id_google;twiter;derechos_de_compra;acceso_ilimitado;aliado;host
1;Cedula;77969;2019-07-21;2019-07-21;Femenino;Practical Fre;../data/blob/hipster.txt;../data/blob/hipster.png;image/png;../data/blob/hipster.png;image/png;../data/blob/hipster.png;image/png;Metal deposit;Producer;Implementation Electronics Officer;methodology Albania;Home Namibia;Steel zero administration;false;false;false;false
2;Otro;46676;2019-07-21;2019-07-20;Femenino;FactorsXXXX;../data/blob/hipster.txt;../data/blob/hipster.png;image/png;../data/blob/hipster.png;image/png;../data/blob/hipster.png;image/png;South Dakota envisioneer Music;Nakfa;Bahamian Dollar Investment Account;Games Regional Digitized;copy convergence;Mayotte;false;false;true;true
3;Pasaporte;72727;2019-07-20;2019-07-21;Otro;Tasty Plastic;../data/blob/hipster.txt;../data/blob/hipster.png;image/png;../data/blob/hipster.png;image/png;../data/blob/hipster.png;image/png;South Georgia and the South Sandwich Islands;compelling mission-critical;bifurcated scalable;Small;deliverables reinvent 24 hour;overriding;true;true;true;true
4;Cedula_Extranjeria;91495;2019-07-20;2019-07-20;Otro;moratorium mo;../data/blob/hipster.txt;../data/blob/hipster.png;image/png;../data/blob/hipster.png;image/png;../data/blob/hipster.png;image/png;New York tangible Mississippi;Frozen bus;hard drive Robust Networked;Poland;Small partnerships;Outdoors;true;false;false;true
5;Cedula_Extranjeria;60441;2019-07-21;2019-07-21;Masculino;Salad Web vir;../data/blob/hipster.txt;../data/blob/hipster.png;image/png;../data/blob/hipster.png;image/png;../data/blob/hipster.png;image/png;Refined Squares;maroon;EXE projection Fresh;support Gorgeous;withdrawal;copying;true;false;false;false
6;Cedula_Extranjeria;69243;2019-07-21;2019-07-21;Femenino;MauritaniaX;../data/blob/hipster.txt;../data/blob/hipster.png;image/png;../data/blob/hipster.png;image/png;../data/blob/hipster.png;image/png;facilitate Tasty Concrete Chips Exclusive;Buckinghamshire capability zero tolerance;mission-critical;Berkshire Small Plastic Pants Investor;Canadian Dollar;Berkshire Designer;false;true;true;false
7;Otro;47030;2019-07-21;2019-07-20;Otro;hacking insta;../data/blob/hipster.txt;../data/blob/hipster.png;image/png;../data/blob/hipster.png;image/png;../data/blob/hipster.png;image/png;HDD;Algerian Dinar;firewall;Future-proofed deposit Sausages;disintermediate Cambridgeshire hacking;bricks-and-clicks Concrete Global;true;true;false;false
8;Otro;51663;2019-07-21;2019-07-21;Masculino;Customer Huma;../data/blob/hipster.txt;../data/blob/hipster.png;image/png;../data/blob/hipster.png;image/png;../data/blob/hipster.png;image/png;even-keeled Saint Helena Pound;Internal AI optical;bypassing Marketing;Dynamic Home Loan Account Tools;Branding;Home Gloves Latvia;true;false;true;true
9;Pasaporte;1807;2019-07-21;2019-07-21;Otro;payment calcu;../data/blob/hipster.txt;../data/blob/hipster.png;image/png;../data/blob/hipster.png;image/png;../data/blob/hipster.png;image/png;local area network Benin;turn-key dedicated;Wisconsin;target Human withdrawal;dot-com payment Libyan Dinar;white sensor local;false;true;true;false
10;Cedula_Extranjeria;46994;2019-07-20;2019-07-21;Femenino;architectures;../data/blob/hipster.txt;../data/blob/hipster.png;image/png;../data/blob/hipster.png;image/png;../data/blob/hipster.png;image/png;Wisconsin Facilitator Incredible;reinvent;eco-centric Bedfordshire mesh;Configuration UIC-Franc;Ergonomic Concrete Soap Zambian Kwacha;Concrete Bedfordshire;true;false;true;true
